{
  "project_info": {
    "project_number": "387175875596",
    "firebase_url": "https://cheqdinattios.firebaseio.com",
    "project_id": "cheqdinattios",
    "storage_bucket": "cheqdinattios.appspot.com"
  },
  "client": [
    {
      "client_info": {
        "mobilesdk_app_id": "1:387175875596:android:4a673f5840c019ad",
        "android_client_info": {
          "package_name": "app.CheqdinAttendence.com"
        }
      },
      "oauth_client": [
        {
          "client_id": "387175875596-5jhbv9la1mrnr30a4aqc5ulvnd98c1ki.apps.googleusercontent.com",
          "client_type": 3
        }
      ],
      "api_key": [
        {
          "current_key": "AIzaSyD5Cq9MueIQtBppLF0ThggExiraO3a4mDk"
        }
      ],
      "services": {
        "analytics_service": {
          "status": 1
        },
        "appinvite_service": {
          "status": 1,
          "other_platform_oauth_client": []
        },
        "ads_service": {
          "status": 2
        }
      }
    },
    {
      "client_info": {
        "mobilesdk_app_id": "1:387175875596:android:0d3b19e0edffdeb9",
        "android_client_info": {
          "package_name": "com.sis.notebook"
        }
      },
      "oauth_client": [
        {
          "client_id": "387175875596-5jhbv9la1mrnr30a4aqc5ulvnd98c1ki.apps.googleusercontent.com",
          "client_type": 3
        }
      ],
      "api_key": [
        {
          "current_key": "AIzaSyD5Cq9MueIQtBppLF0ThggExiraO3a4mDk"
        }
      ],
      "services": {
        "analytics_service": {
          "status": 1
        },
        "appinvite_service": {
          "status": 1,
          "other_platform_oauth_client": []
        },
        "ads_service": {
          "status": 2
        }
      }
    }
  ],
  "configuration_version": "1"
}